order_id,customer_id,order_date,status,payment_method,total_amount
1,78,2024-05-20,Completed,E-Wallet,113.7
2,100,2024-04-25,Completed,Online Banking,249.7
3,25,2023-10-07,Completed,Online Banking,556.0
4,165,2021-10-17,Completed,Credit Card,160.53
5,91,2023-10-16,Completed,Online Banking,105.8
6,140,2022-11-13,Completed,E-Wallet,39.9
7,180,2022-10-20,Completed,E-Wallet,1389.25
8,94,2023-11-01,Completed,E-Wallet,343.2
9,89,2024-06-24,Completed,Debit Card,75.9
10,86,2024-01-16,Completed,E-Wallet,896.0
11,154,2022-10-02,Completed,Cash on Delivery,223.6
12,35,2023-01-31,Completed,Online Banking,333.93
13,142,2023-07-02,Completed,Debit Card,395.5
14,32,2023-08-13,Completed,Online Banking,188.9
15,180,2022-12-02,Completed,Credit Card,69.9
16,139,2021-10-05,Completed,Debit Card,23.92
17,86,2024-01-20,Completed,Online Banking,74.9
18,5,2024-04-22,Completed,E-Wallet,783.5
19,5,2022-02-11,Completed,Debit Card,685.9
20,86,2024-06-20,Completed,Debit Card,242.73
21,145,2023-05-22,Completed,E-Wallet,37.9
22,123,2023-08-25,Completed,Credit Card,740.75
23,62,2022-01-03,Completed,Online Banking,1596.0
24,110,2024-03-01,Completed,E-Wallet,89.7
25,149,2022-05-09,Refunded,Online Banking,97.9
26,186,2024-02-19,Completed,Online Banking,97.7
27,12,2022-06-14,Shipped,Credit Card,556.8
28,16,2024-06-12,Cancelled,Cash on Delivery,34.11
29,142,2022-10-28,Completed,Online Banking,210.35
30,65,2022-04-12,Completed,E-Wallet,496.9
31,138,2023-01-04,Completed,Online Banking,16.83
32,41,2021-06-04,Completed,Credit Card,203.52
33,86,2023-05-31,Completed,E-Wallet,1174.5
34,119,2024-03-12,Shipped,Online Banking,344.9
35,91,2024-04-11,Completed,Credit Card,198.0
36,161,2023-09-13,Completed,Cash on Delivery,317.9
37,140,2023-10-15,Completed,Credit Card,348.0
38,23,2024-06-16,Completed,Debit Card,371.4
39,35,2022-08-16,Completed,E-Wallet,109.6
40,8,2021-08-10,Completed,Credit Card,126.2
41,31,2022-03-09,Completed,E-Wallet,207.6
42,184,2023-08-26,Completed,Debit Card,151.81
43,119,2021-06-19,Completed,Debit Card,1283.0
44,18,2024-06-30,Completed,E-Wallet,451.54
45,28,2024-06-16,Completed,E-Wallet,924.22
46,6,2020-08-07,Completed,E-Wallet,676.43
47,162,2021-10-26,Completed,E-Wallet,765.7
48,92,2023-03-04,Completed,Debit Card,441.6
49,65,2023-02-02,Completed,E-Wallet,29.9
50,147,2024-01-20,Completed,Debit Card,24.61
51,29,2022-10-02,Completed,Online Banking,208.8
52,131,2023-03-08,Processing,Credit Card,346.7
53,197,2024-04-10,Cancelled,Online Banking,258.8
54,86,2023-05-20,Completed,Online Banking,179.8
55,22,2023-09-19,Completed,Online Banking,299.5
56,65,2023-07-20,Processing,Credit Card,377.4
57,195,2022-07-21,Processing,E-Wallet,427.02
58,152,2022-05-07,Completed,Credit Card,199.6
59,110,2023-10-24,Shipped,Credit Card,85.8
60,17,2023-11-28,Completed,Cash on Delivery,89.9
61,46,2022-03-14,Completed,Online Banking,193.01
62,130,2024-06-02,Completed,Credit Card,717.6
63,114,2023-08-23,Completed,E-Wallet,99.8
64,154,2023-08-30,Completed,Credit Card,75.8
65,122,2023-06-24,Completed,Online Banking,136.41
66,89,2023-09-30,Completed,Online Banking,589.2
67,197,2023-12-16,Completed,Online Banking,1597.9
68,87,2023-09-02,Completed,Credit Card,69.9
69,27,2024-06-27,Completed,Online Banking,1116.8
70,6,2024-06-10,Completed,Credit Card,49.9
71,97,2024-03-02,Shipped,Online Banking,292.6
72,188,2022-10-26,Completed,Cash on Delivery,586.5
73,158,2023-10-24,Completed,Credit Card,119.8
74,108,2024-01-26,Completed,Online Banking,525.4
75,171,2023-05-10,Completed,Online Banking,849.74
76,92,2023-12-13,Completed,Debit Card,137.6
77,147,2023-11-11,Completed,Online Banking,388.0
78,141,2023-12-08,Completed,Debit Card,149.0
79,127,2021-06-18,Completed,Debit Card,727.01
80,163,2022-06-02,Completed,Debit Card,378.7
81,5,2023-11-22,Completed,Online Banking,71.8
82,69,2022-02-22,Completed,Online Banking,242.94
83,107,2024-03-02,Shipped,Debit Card,635.9
84,11,2021-02-21,Completed,Debit Card,129.0
85,200,2024-04-06,Completed,Credit Card,140.93
86,35,2023-10-03,Completed,Credit Card,625.9
87,162,2024-05-17,Completed,E-Wallet,150.0
88,60,2024-01-04,Completed,Online Banking,105.8
89,121,2022-07-25,Shipped,Cash on Delivery,131.7
90,162,2024-04-14,Completed,Debit Card,346.7
91,71,2024-02-22,Completed,E-Wallet,430.2
92,152,2022-08-15,Completed,Debit Card,518.6
93,89,2024-06-27,Completed,Credit Card,137.82
94,163,2021-02-08,Completed,Online Banking,35.9
95,150,2023-10-29,Shipped,Debit Card,198.0
96,158,2023-09-10,Completed,Credit Card,159.4
97,188,2023-11-16,Completed,Online Banking,434.32
98,158,2023-09-23,Completed,Debit Card,273.1
99,112,2024-01-15,Completed,Credit Card,99.5
100,151,2021-03-06,Completed,Online Banking,149.7
101,196,2021-09-30,Completed,E-Wallet,305.02
102,181,2023-04-22,Completed,E-Wallet,35.9
103,64,2022-03-13,Completed,E-Wallet,255.9
104,17,2024-05-31,Completed,Debit Card,89.9
105,178,2023-07-08,Shipped,Online Banking,59.9
106,182,2021-11-04,Shipped,Online Banking,159.8
107,174,2024-03-17,Completed,Debit Card,139.0
108,180,2022-07-25,Shipped,Online Banking,112.8
109,121,2022-03-26,Shipped,Credit Card,427.7
110,96,2024-05-28,Shipped,Online Banking,34.02
111,107,2023-01-20,Completed,Online Banking,165.42
112,31,2023-06-30,Completed,Debit Card,68.21
113,2,2023-02-11,Completed,Debit Card,918.85
114,161,2021-06-17,Completed,Debit Card,327.35
115,91,2023-06-19,Completed,Online Banking,91.8
116,142,2023-02-28,Refunded,Credit Card,239.3
117,189,2022-12-12,Completed,Online Banking,179.55
118,160,2023-04-26,Completed,Debit Card,116.32
119,1,2023-04-08,Completed,Online Banking,567.0
120,22,2023-04-26,Completed,Debit Card,171.0
121,187,2024-02-02,Completed,Debit Card,151.7
122,189,2023-12-17,Completed,Online Banking,194.51
123,25,2022-01-21,Completed,Cash on Delivery,75.9
124,87,2024-03-06,Completed,Credit Card,257.8
125,114,2024-06-03,Processing,E-Wallet,330.7
126,145,2024-01-08,Shipped,Online Banking,1407.35
127,96,2023-08-31,Completed,Debit Card,557.28
128,11,2023-06-10,Shipped,Online Banking,321.3
129,114,2023-09-21,Completed,Credit Card,896.8
130,22,2023-01-12,Completed,Credit Card,419.7
131,184,2024-03-01,Processing,Credit Card,359.4
132,109,2022-09-04,Completed,Debit Card,518.7
133,143,2022-05-19,Completed,Credit Card,440.61
134,171,2024-05-30,Completed,Online Banking,894.7
135,93,2021-06-08,Completed,Online Banking,275.2
136,184,2024-03-14,Completed,Credit Card,184.75
137,161,2024-01-27,Cancelled,Debit Card,176.84
138,92,2024-02-27,Completed,E-Wallet,45.9
139,88,2022-12-16,Completed,Debit Card,25.44
140,115,2024-04-15,Processing,Online Banking,273.9
141,198,2023-07-17,Completed,Debit Card,282.32
142,48,2021-01-09,Completed,Cash on Delivery,85.8
143,99,2024-02-29,Completed,Credit Card,528.9
144,172,2023-12-22,Completed,Online Banking,1406.6
145,36,2023-03-31,Completed,Debit Card,29.9
146,134,2023-12-07,Completed,Online Banking,362.9
147,130,2024-02-22,Completed,Debit Card,183.6
148,6,2020-09-08,Completed,Online Banking,79.0
149,47,2023-07-23,Completed,Cash on Delivery,370.2
150,49,2024-03-12,Completed,Debit Card,870.75
151,163,2022-01-31,Completed,E-Wallet,99.8
152,197,2024-02-07,Completed,Online Banking,1162.2
153,121,2023-08-04,Shipped,E-Wallet,158.0
154,135,2023-12-30,Completed,Online Banking,860.44
155,80,2024-03-18,Completed,E-Wallet,333.9
156,71,2024-03-10,Completed,Online Banking,45.9
157,35,2023-10-08,Completed,E-Wallet,257.25
158,65,2022-03-16,Completed,E-Wallet,552.8
159,121,2023-02-06,Completed,Online Banking,135.51
160,52,2021-04-17,Completed,Online Banking,999.0
161,96,2023-09-19,Completed,Debit Card,123.72
162,37,2022-12-20,Completed,Debit Card,29.9
163,6,2020-11-06,Completed,E-Wallet,80.91
164,153,2023-10-08,Completed,Online Banking,50.74
165,185,2023-05-20,Cancelled,Online Banking,1238.52
166,189,2023-04-05,Completed,E-Wallet,143.6
167,186,2024-06-03,Completed,Online Banking,468.3
168,186,2024-03-21,Completed,Online Banking,396.6
169,100,2024-04-01,Completed,Online Banking,390.42
170,109,2022-11-26,Completed,E-Wallet,199.55
171,153,2022-06-06,Shipped,Credit Card,409.4
172,92,2023-09-15,Completed,Online Banking,189.0
173,120,2023-04-16,Completed,Credit Card,239.52
174,27,2024-03-27,Completed,Debit Card,498.54
175,53,2024-02-11,Completed,Debit Card,149.0
176,57,2024-06-25,Completed,Debit Card,437.8
177,158,2024-01-14,Completed,E-Wallet,49.9
178,33,2024-05-29,Completed,E-Wallet,199.0
179,197,2023-11-16,Completed,E-Wallet,391.82
180,12,2021-10-03,Completed,Credit Card,271.8
181,176,2021-07-13,Completed,Online Banking,188.1
182,47,2024-02-13,Completed,Debit Card,189.5
183,142,2024-05-15,Shipped,Debit Card,514.9
184,2,2024-03-16,Completed,Online Banking,212.11
185,111,2022-08-21,Completed,Online Banking,55.0
186,107,2023-12-09,Completed,E-Wallet,254.7
187,19,2021-11-18,Completed,Online Banking,399.0
188,135,2023-10-02,Processing,Online Banking,191.6
189,91,2023-04-25,Cancelled,Credit Card,35.9
190,52,2024-01-23,Completed,Debit Card,337.22
191,178,2024-05-18,Refunded,Debit Card,314.7
192,5,2023-01-24,Completed,Debit Card,1535.0
193,9,2023-01-07,Completed,Online Banking,209.7
194,177,2024-02-13,Completed,Debit Card,320.31
195,178,2023-08-06,Shipped,E-Wallet,68.7
196,48,2024-03-07,Completed,Online Banking,345.16
197,12,2023-01-21,Shipped,Debit Card,509.82
198,5,2024-04-23,Completed,Cash on Delivery,189.12
199,128,2024-06-22,Processing,E-Wallet,55.9
200,187,2024-01-27,Completed,Online Banking,164.9
201,173,2023-11-27,Completed,Credit Card,124.9
202,89,2024-02-25,Completed,Cash on Delivery,45.9
203,153,2023-06-11,Completed,Credit Card,444.6
204,18,2022-03-16,Processing,Credit Card,93.01
205,161,2023-10-25,Completed,E-Wallet,538.43
206,5,2022-09-10,Completed,Credit Card,71.8
207,48,2024-02-08,Shipped,Credit Card,62.67
208,145,2024-03-14,Completed,E-Wallet,319.6
209,65,2022-10-11,Completed,Online Banking,89.8
210,28,2021-12-05,Completed,Credit Card,35.9
211,19,2021-05-15,Shipped,Credit Card,356.6
212,161,2021-01-18,Completed,Online Banking,179.6
213,96,2023-12-04,Completed,Online Banking,20.72
214,120,2023-05-12,Completed,Credit Card,109.8
215,89,2023-07-11,Completed,E-Wallet,310.7
216,153,2023-10-09,Shipped,Cash on Delivery,2597.5
217,122,2023-06-11,Completed,Online Banking,633.25
218,61,2022-01-10,Completed,Online Banking,167.7
219,93,2023-06-10,Completed,E-Wallet,136.42
220,86,2024-06-14,Completed,Debit Card,228.01
221,130,2023-12-20,Completed,Online Banking,676.9
222,1,2023-06-21,Completed,Debit Card,217.7
223,170,2024-03-28,Completed,Credit Card,269.7
224,172,2024-04-03,Cancelled,Online Banking,89.61
225,72,2024-04-18,Completed,Credit Card,152.57
226,196,2022-08-26,Completed,Debit Card,271.48
227,105,2023-09-25,Completed,Online Banking,466.4
228,163,2022-05-02,Completed,Debit Card,339.3
229,130,2024-03-18,Completed,E-Wallet,198.0
230,5,2023-12-19,Completed,Debit Card,325.65
231,94,2023-07-13,Processing,Online Banking,306.3
232,178,2024-01-14,Completed,Online Banking,607.5
233,66,2023-10-15,Completed,Debit Card,1031.7
234,165,2021-12-22,Completed,Debit Card,73.73
235,126,2023-04-10,Completed,E-Wallet,388.8
236,147,2024-03-23,Completed,Cash on Delivery,397.8
237,149,2024-02-28,Completed,E-Wallet,1345.5
238,20,2022-02-04,Completed,Credit Card,291.2
239,140,2021-07-06,Completed,Debit Card,389.01
240,140,2023-02-15,Cancelled,Credit Card,443.61
241,1,2022-09-13,Completed,Debit Card,559.4
242,121,2023-11-11,Completed,Credit Card,15.84
243,89,2024-03-13,Completed,Debit Card,876.63
244,27,2023-10-23,Completed,Online Banking,399.0
245,187,2023-10-09,Completed,E-Wallet,118.62
246,27,2024-03-18,Completed,E-Wallet,922.52
247,110,2022-12-20,Completed,Credit Card,55.9
248,147,2024-01-25,Completed,Online Banking,756.0
249,149,2021-04-11,Processing,Debit Card,322.63
250,144,2022-03-27,Shipped,Debit Card,399.8
251,110,2024-02-10,Completed,Debit Card,287.4
252,194,2022-04-23,Completed,Debit Card,39.92
253,36,2024-02-21,Completed,Debit Card,326.14
254,182,2023-05-18,Completed,Credit Card,35.9
255,149,2022-04-21,Completed,Debit Card,291.1
256,167,2024-01-15,Completed,E-Wallet,329.8
257,36,2023-11-04,Completed,Online Banking,41.31
258,142,2024-01-06,Completed,Debit Card,625.9
259,130,2024-04-04,Completed,Online Banking,35.9
260,83,2024-04-09,Completed,E-Wallet,238.77
261,149,2022-10-26,Shipped,Debit Card,333.1
262,142,2023-07-09,Completed,Credit Card,598.0
263,35,2024-03-16,Completed,Credit Card,481.95
264,130,2024-03-26,Completed,Online Banking,289.32
265,137,2024-01-28,Shipped,E-Wallet,468.27
266,35,2022-09-23,Completed,Online Banking,119.6
267,70,2023-11-16,Completed,E-Wallet,171.6
268,191,2024-04-22,Completed,E-Wallet,26.91
269,195,2024-06-28,Completed,Credit Card,229.5
270,106,2023-09-18,Processing,Credit Card,233.22
271,14,2021-01-11,Completed,Online Banking,35.9
272,5,2022-07-23,Completed,Online Banking,171.72
273,97,2023-11-10,Completed,Online Banking,419.4
274,22,2023-12-24,Processing,Credit Card,796.0
275,172,2023-10-30,Completed,Credit Card,29.9
276,47,2024-01-28,Completed,E-Wallet,468.1
277,159,2022-12-12,Shipped,Online Banking,74.03
278,59,2021-08-31,Completed,Cash on Delivery,274.8
279,163,2021-08-13,Completed,Debit Card,174.8
280,147,2024-06-12,Completed,Debit Card,154.9
281,32,2022-10-05,Completed,E-Wallet,540.9
282,170,2024-04-08,Completed,Debit Card,351.7
283,33,2023-11-10,Completed,Online Banking,417.9
284,178,2024-05-31,Processing,Online Banking,347.9
285,159,2023-08-02,Shipped,Cash on Delivery,193.8
286,180,2021-08-26,Completed,Online Banking,175.7
287,27,2024-03-23,Processing,E-Wallet,237.5
288,144,2024-01-22,Completed,Debit Card,707.12
289,135,2023-12-04,Completed,Debit Card,179.8
290,181,2022-03-25,Completed,Debit Card,451.2
291,147,2024-06-16,Completed,Cash on Delivery,281.6
292,74,2020-03-01,Shipped,E-Wallet,432.9
293,18,2023-06-22,Completed,Debit Card,910.5
294,178,2024-03-18,Completed,Cash on Delivery,143.6
295,172,2024-02-23,Completed,E-Wallet,604.64
296,78,2024-04-16,Completed,E-Wallet,45.9
297,164,2023-09-30,Completed,Debit Card,79.8
298,174,2021-07-10,Completed,E-Wallet,189.7
299,95,2021-01-03,Refunded,Credit Card,1035.7
300,199,2022-04-27,Shipped,Credit Card,169.45
301,180,2022-06-24,Completed,Credit Card,311.42
302,14,2024-06-29,Completed,Credit Card,337.9
303,66,2024-05-31,Completed,Credit Card,613.72
304,17,2023-01-27,Completed,Credit Card,971.3
305,24,2022-07-20,Completed,Credit Card,55.0
306,1,2023-03-06,Processing,Cash on Delivery,149.7
307,93,2021-10-26,Completed,Online Banking,746.64
308,17,2023-02-03,Completed,Credit Card,447.48
309,65,2023-07-17,Completed,E-Wallet,271.4
310,24,2022-01-30,Completed,Debit Card,387.0
311,132,2022-05-25,Completed,Debit Card,509.74
312,135,2023-08-11,Shipped,Debit Card,19.9
313,96,2022-11-08,Completed,Online Banking,738.55
314,159,2023-06-07,Completed,Credit Card,532.6
315,165,2022-12-13,Completed,Online Banking,387.0
316,120,2023-05-18,Completed,Online Banking,852.73
317,189,2023-01-02,Processing,Debit Card,624.5
318,65,2024-04-19,Completed,Online Banking,289.31
319,90,2021-08-26,Completed,E-Wallet,192.61
320,51,2022-07-21,Completed,Credit Card,352.35
321,130,2024-03-14,Shipped,Online Banking,149.7
322,86,2022-09-11,Completed,E-Wallet,1213.2
323,121,2022-12-16,Completed,Online Banking,425.1
324,100,2024-06-02,Completed,Debit Card,59.8
325,1,2022-06-17,Completed,Online Banking,365.31
326,165,2024-05-26,Completed,Debit Card,47.7
327,161,2022-11-07,Completed,Online Banking,1256.8
328,114,2024-05-09,Completed,Online Banking,356.5
329,13,2022-08-07,Cancelled,Online Banking,173.06
330,74,2023-06-10,Completed,E-Wallet,224.9
331,146,2021-12-08,Completed,Credit Card,247.5
332,192,2022-05-29,Completed,Online Banking,206.4
333,93,2023-08-15,Completed,Online Banking,549.2
334,142,2024-06-26,Completed,Online Banking,35.9
335,149,2021-03-19,Completed,Cash on Delivery,75.0
336,110,2022-06-20,Completed,Online Banking,121.7
337,163,2021-10-17,Completed,Online Banking,389.0
338,184,2024-01-04,Processing,Online Banking,564.22
339,11,2024-05-12,Cancelled,Debit Card,179.8
340,107,2024-05-22,Completed,Credit Card,269.4
341,121,2022-12-18,Completed,E-Wallet,791.85
342,184,2024-06-26,Completed,Online Banking,236.4
343,108,2023-06-12,Processing,Online Banking,121.7
344,6,2022-06-25,Completed,Online Banking,235.5
345,188,2024-04-30,Completed,E-Wallet,532.9
346,150,2024-04-04,Completed,Credit Card,172.98
347,92,2023-12-25,Completed,Online Banking,59.7
348,87,2023-11-25,Completed,Online Banking,362.5
349,48,2023-11-24,Refunded,Cash on Delivery,126.93
350,12,2024-02-03,Processing,E-Wallet,129.8
351,68,2021-10-18,Completed,Online Banking,757.6
352,41,2023-10-22,Completed,Debit Card,269.5
353,52,2022-03-21,Completed,Credit Card,105.8
354,163,2021-05-20,Completed,Credit Card,298.0
355,167,2021-08-24,Completed,Credit Card,89.9
356,48,2022-12-12,Completed,Debit Card,725.5
357,1,2023-02-17,Completed,Debit Card,60.22
358,178,2024-06-25,Completed,Online Banking,813.92
359,197,2024-05-18,Completed,Online Banking,139.8
360,199,2023-02-24,Completed,E-Wallet,378.1
361,184,2024-04-08,Completed,E-Wallet,842.91
362,98,2020-11-02,Completed,Credit Card,676.8
363,138,2023-03-12,Completed,Debit Card,42.41
364,93,2021-10-23,Completed,Online Banking,194.9
365,70,2023-09-18,Completed,Debit Card,35.9
366,71,2024-02-02,Completed,E-Wallet,430.9
367,26,2023-10-22,Completed,Online Banking,333.1
368,96,2023-05-26,Completed,Credit Card,1026.0
369,196,2022-01-10,Completed,Credit Card,457.7
370,178,2023-08-04,Completed,Debit Card,39.9
371,172,2024-04-15,Completed,Online Banking,69.8
372,178,2023-09-02,Completed,Online Banking,234.12
373,85,2024-03-03,Completed,Online Banking,485.5
374,172,2023-12-03,Completed,Credit Card,115.8
375,96,2023-01-14,Completed,Online Banking,91.8
376,166,2020-11-03,Completed,E-Wallet,419.5
377,197,2023-12-22,Completed,Credit Card,255.5
378,147,2024-04-18,Completed,Debit Card,596.0
379,187,2023-10-04,Completed,Online Banking,59.8
380,185,2023-10-11,Processing,Online Banking,705.0
381,178,2023-12-05,Completed,E-Wallet,487.6
382,7,2024-01-19,Processing,Credit Card,738.7
383,5,2023-11-04,Completed,Credit Card,222.34
384,185,2023-04-21,Completed,E-Wallet,1004.9
385,5,2023-08-31,Completed,Debit Card,179.8
386,107,2024-03-18,Completed,Online Banking,53.82
387,26,2021-08-24,Completed,E-Wallet,243.4
388,54,2024-05-09,Completed,Online Banking,79.8
389,89,2024-02-12,Completed,Credit Card,1494.26
390,103,2023-11-16,Completed,Credit Card,1369.5
391,35,2023-02-26,Completed,Online Banking,39.8
392,171,2023-02-09,Completed,Cash on Delivery,186.15
393,111,2024-01-07,Completed,Online Banking,9.9
394,30,2022-09-18,Completed,Online Banking,872.8
395,171,2024-05-21,Completed,Cash on Delivery,593.8
396,47,2024-01-09,Completed,E-Wallet,69.9
397,177,2023-06-18,Completed,Credit Card,39.9
398,158,2023-11-23,Shipped,Online Banking,176.28
399,149,2024-05-01,Completed,Debit Card,329.0
400,36,2024-04-23,Completed,Online Banking,425.27
401,6,2020-10-03,Completed,Online Banking,39.9
402,110,2021-01-07,Completed,Debit Card,716.6
403,171,2023-04-11,Completed,E-Wallet,531.0
404,176,2022-01-18,Completed,Online Banking,132.7
405,149,2021-12-11,Completed,E-Wallet,551.5
406,178,2023-07-26,Completed,E-Wallet,159.8
407,91,2022-07-20,Completed,Credit Card,21.75
408,196,2023-04-24,Completed,Cash on Delivery,301.35
409,140,2022-03-29,Completed,Debit Card,143.76
410,184,2024-05-26,Completed,Online Banking,328.72
411,129,2023-06-20,Completed,Debit Card,538.61
412,65,2022-05-23,Completed,E-Wallet,171.6
413,190,2022-12-28,Processing,E-Wallet,24.61
414,121,2022-06-11,Completed,E-Wallet,348.76
415,196,2022-02-06,Completed,Online Banking,248.22
416,107,2023-05-20,Completed,Online Banking,131.72
417,197,2024-01-10,Completed,Cash on Delivery,650.3
418,172,2024-04-08,Completed,E-Wallet,208.38
419,96,2023-02-15,Completed,Debit Card,198.9
420,83,2023-10-13,Completed,Online Banking,125.6
421,94,2023-11-21,Cancelled,E-Wallet,79.8
422,106,2022-10-13,Completed,Credit Card,535.7
423,172,2024-05-08,Processing,Debit Card,143.72
424,147,2023-12-16,Completed,E-Wallet,279.5
425,5,2021-12-25,Completed,Cash on Delivery,76.42
426,12,2022-06-09,Shipped,Online Banking,298.42
427,12,2022-01-02,Completed,Cash on Delivery,29.9
428,184,2023-08-01,Completed,Debit Card,357.0
429,131,2023-11-12,Completed,Online Banking,893.91
430,42,2022-03-16,Completed,Debit Card,489.3
431,187,2024-05-29,Completed,Online Banking,85.4
432,50,2021-11-06,Completed,Credit Card,359.33
433,105,2023-03-16,Completed,Credit Card,257.4
434,65,2024-02-02,Completed,Online Banking,95.8
435,34,2022-07-08,Cancelled,Credit Card,139.8
436,22,2023-07-28,Completed,E-Wallet,22.9
437,60,2024-06-14,Completed,Online Banking,125.61
438,183,2023-07-21,Completed,Online Banking,578.7
439,95,2022-06-25,Completed,Online Banking,475.7
440,11,2024-04-10,Completed,Online Banking,231.5
441,80,2023-08-22,Completed,E-Wallet,796.0
442,48,2021-05-06,Processing,E-Wallet,25.9
443,92,2024-06-01,Completed,Online Banking,227.6
444,65,2023-08-11,Shipped,Debit Card,377.6
445,107,2024-06-03,Completed,Debit Card,159.8
446,135,2023-07-26,Cancelled,Credit Card,563.6
447,190,2022-05-13,Cancelled,E-Wallet,419.8
448,22,2023-08-23,Completed,Debit Card,204.9
449,41,2024-02-29,Completed,Debit Card,107.7
450,72,2024-05-21,Shipped,Online Banking,733.52
451,89,2023-09-03,Completed,E-Wallet,35.9
452,110,2021-01-31,Completed,Debit Card,91.6
453,110,2023-05-15,Completed,Online Banking,443.8
454,121,2023-07-26,Completed,E-Wallet,179.8
455,187,2024-06-10,Completed,E-Wallet,423.13
456,180,2022-11-14,Shipped,Online Banking,630.91
457,140,2024-06-21,Completed,Online Banking,269.72
458,62,2022-03-06,Completed,Debit Card,544.52
459,91,2023-05-18,Shipped,Credit Card,134.42
460,50,2023-10-20,Completed,Online Banking,89.9
461,87,2023-09-01,Processing,Credit Card,199.4
462,62,2024-02-16,Processing,Debit Card,150.0
463,196,2022-02-20,Completed,Cash on Delivery,583.7
464,96,2023-06-09,Completed,Credit Card,548.64
465,140,2022-04-26,Completed,E-Wallet,319.95
466,91,2023-08-17,Completed,E-Wallet,336.59
467,172,2024-02-28,Completed,Online Banking,35.9
468,149,2023-05-31,Completed,E-Wallet,199.54
469,181,2022-01-18,Completed,E-Wallet,561.2
470,41,2020-12-20,Completed,Credit Card,55.0
471,187,2023-12-06,Completed,E-Wallet,708.2
472,107,2022-03-21,Completed,Online Banking,259.0
473,104,2024-04-02,Completed,E-Wallet,467.82
474,128,2022-03-21,Completed,E-Wallet,430.8
475,58,2024-05-31,Completed,Online Banking,123.51
476,6,2023-08-25,Completed,Online Banking,51.8
477,48,2022-04-08,Completed,Online Banking,599.4
478,92,2023-02-21,Processing,Cash on Delivery,69.9
479,146,2024-03-22,Shipped,Debit Card,49.21
480,130,2023-11-02,Completed,Debit Card,325.81
481,189,2023-09-13,Completed,Credit Card,874.1
482,82,2023-07-12,Completed,Credit Card,165.6
483,110,2023-03-30,Completed,Online Banking,341.3
484,200,2024-02-13,Completed,Debit Card,468.7
485,62,2021-12-23,Completed,Credit Card,107.64
486,62,2023-03-12,Processing,Online Banking,778.7
487,149,2022-10-28,Completed,Credit Card,314.8
488,51,2020-09-15,Completed,E-Wallet,334.21
489,130,2024-04-17,Completed,Online Banking,239.9
490,5,2023-04-28,Refunded,Online Banking,149.7
491,92,2024-03-04,Completed,Debit Card,239.4
492,199,2022-08-23,Completed,Debit Card,492.21
493,147,2024-04-16,Completed,E-Wallet,1325.4
494,142,2024-01-24,Completed,Online Banking,269.5
495,141,2023-10-28,Completed,Online Banking,89.9
496,23,2023-08-29,Completed,Debit Card,178.8
497,185,2024-06-09,Shipped,Debit Card,804.42
498,48,2022-04-04,Completed,Credit Card,207.16
499,164,2024-02-22,Completed,Debit Card,423.3
500,99,2023-04-27,Completed,E-Wallet,51.8
501,127,2023-12-27,Completed,E-Wallet,714.71
502,107,2023-08-31,Completed,Credit Card,391.32
503,180,2021-10-14,Completed,Online Banking,831.5
504,92,2024-05-14,Completed,E-Wallet,130.72
505,35,2022-06-27,Completed,Debit Card,39.9
506,35,2024-01-15,Completed,Credit Card,458.96
507,44,2023-07-25,Completed,Online Banking,536.4
508,163,2020-10-12,Completed,Credit Card,398.6
509,93,2023-06-26,Cancelled,Credit Card,538.78
510,6,2021-07-23,Completed,Cash on Delivery,372.4
511,184,2024-04-13,Completed,Debit Card,53.91
512,135,2023-09-30,Completed,E-Wallet,796.0
513,69,2021-11-14,Completed,Debit Card,608.1
514,33,2023-03-02,Completed,Online Banking,251.3
515,155,2024-06-10,Completed,Credit Card,441.9
516,147,2023-12-09,Completed,E-Wallet,83.41
517,86,2022-05-02,Completed,E-Wallet,299.0
518,171,2022-05-17,Completed,Debit Card,59.8
519,24,2021-05-27,Completed,Online Banking,28.4
520,86,2023-08-19,Completed,Credit Card,31.8
521,139,2024-06-09,Completed,Debit Card,185.81
522,6,2021-01-17,Completed,Online Banking,951.2
523,147,2024-02-19,Completed,Online Banking,207.63
524,55,2024-05-04,Completed,Debit Card,317.6
525,135,2023-10-27,Completed,Online Banking,160.6
526,110,2024-05-30,Completed,Credit Card,69.41
527,184,2024-04-03,Completed,Online Banking,233.6
528,22,2022-10-02,Completed,Debit Card,35.9
529,163,2023-03-22,Cancelled,Credit Card,731.7
530,92,2023-07-15,Completed,Credit Card,378.6
531,43,2024-03-30,Completed,Online Banking,71.82
532,142,2022-12-14,Processing,Debit Card,89.9
533,27,2023-11-26,Completed,Online Banking,459.05
534,153,2022-01-26,Completed,Credit Card,2084.9
535,196,2022-05-05,Completed,Online Banking,1585.0
536,35,2022-05-16,Processing,Credit Card,45.81
537,144,2023-09-14,Completed,Online Banking,91.8
538,161,2020-09-24,Completed,Online Banking,49.9
539,140,2023-02-09,Completed,Credit Card,275.4
540,135,2024-06-04,Completed,E-Wallet,413.42
541,35,2023-05-21,Completed,Credit Card,1160.42
542,173,2024-04-29,Processing,E-Wallet,780.95
543,140,2022-03-14,Completed,Debit Card,79.8
544,10,2022-02-14,Completed,E-Wallet,98.05
545,102,2023-12-09,Completed,Credit Card,1052.58
546,86,2021-11-20,Processing,E-Wallet,402.9
547,154,2022-11-24,Completed,Credit Card,342.21
548,184,2024-02-27,Completed,Online Banking,140.42
549,70,2024-01-31,Completed,Debit Card,578.9
550,121,2023-10-23,Shipped,Credit Card,349.0
551,147,2024-04-11,Completed,Debit Card,279.2
552,54,2023-09-19,Completed,Debit Card,459.4
553,27,2023-11-07,Completed,E-Wallet,148.9
554,107,2024-02-27,Processing,E-Wallet,101.15
555,12,2024-03-28,Completed,Credit Card,321.9
556,62,2024-03-19,Completed,Debit Card,1103.22
557,91,2022-12-04,Completed,Credit Card,315.1
558,123,2022-05-30,Processing,Credit Card,68.21
559,22,2023-11-07,Completed,Online Banking,152.31
560,91,2022-05-14,Completed,Online Banking,89.8
561,17,2023-08-29,Shipped,Debit Card,433.66
562,140,2023-10-28,Cancelled,Credit Card,257.6
563,8,2022-02-28,Processing,Credit Card,358.0
564,161,2023-11-03,Completed,Debit Card,1005.61
565,150,2023-07-02,Completed,Debit Card,274.32
566,1,2023-03-30,Processing,Cash on Delivery,45.9
567,65,2024-04-28,Completed,Online Banking,272.14
568,184,2024-03-25,Completed,Debit Card,457.9
569,152,2022-02-11,Completed,Online Banking,45.9
570,22,2023-07-23,Completed,E-Wallet,217.0
571,37,2023-03-02,Completed,Credit Card,278.1
572,187,2024-06-23,Completed,E-Wallet,139.8
573,97,2024-02-14,Cancelled,Online Banking,171.4
574,107,2021-10-18,Completed,Credit Card,396.0
575,127,2023-05-11,Completed,E-Wallet,514.9
576,147,2023-12-19,Completed,Online Banking,828.0
577,89,2023-12-16,Completed,Credit Card,279.4
578,182,2023-03-16,Cancelled,E-Wallet,1491.5
579,161,2022-01-04,Completed,Credit Card,466.7
580,65,2022-02-22,Completed,Debit Card,251.49
581,184,2024-04-04,Completed,Debit Card,314.65
582,178,2024-06-17,Completed,Debit Card,121.8
583,47,2023-10-10,Completed,Online Banking,746.9
584,81,2024-03-12,Completed,Debit Card,428.8
585,196,2021-11-10,Completed,Debit Card,183.6
586,73,2022-07-03,Completed,Debit Card,55.9
587,126,2024-06-01,Completed,Credit Card,448.6
588,158,2024-02-21,Completed,E-Wallet,1495.0
589,171,2023-10-15,Completed,Credit Card,143.6
590,8,2021-03-24,Completed,E-Wallet,581.44
591,30,2022-12-06,Completed,Online Banking,129.91
592,11,2022-01-09,Completed,Credit Card,222.6
593,86,2023-01-28,Completed,E-Wallet,39.8
594,158,2023-09-15,Completed,Debit Card,37.81
595,50,2023-11-29,Completed,Debit Card,199.6
596,147,2023-11-17,Shipped,Credit Card,79.8
597,193,2022-06-20,Cancelled,Online Banking,835.6
598,158,2023-09-04,Completed,E-Wallet,2321.8
599,180,2022-03-16,Shipped,Debit Card,35.91
600,140,2024-04-30,Completed,Online Banking,148.7
